{
  "episodes_done": 49,
  "global_step": 200704,
  "best_metric": -32383.491656693972,
  "no_improve": 2,
  "epsilon": 0.7822236754458713,
  "stopped_reason": "completed",
  "x2_nunique": 6,
  "x2_std": 22.16112973344867,
  "collapsed_output": false
}