variant_id,delta_roi,delta_sr,delta_final_cash
policy_gradient,-6.9141043787435015,-0.14084533605961583,-69141.043787435
