variant_id,delta_roi,delta_sr,delta_final_cash
policy_gradient,8.551890688639311,0.20074494670279067,85518.90688639313
